{
  "macro_f1": 0.8891737669748512,
  "high_risk_recall": 0.971276159212146,
  "undertriage_rate": 0.0015833333333333333
}
